Customer ID;Company name;City;Country
30001;Oakfield Construction Ltd;Cork;IE
30002;Van Dijk Logistics B.V.;Rotterdam;NL
30003;Kowalski Meble Sp. z o.o.;Poznań;PL
30004;Nordic Timber Trading AB;Gothenburg;SE
30005;Kaya Freight Services Ltd;Dublin;IE
30006;Novák Elektro s.r.o.;Brno;CZ
30007;"Hanseatic Trade Trust & Shipping GmbH";Hamburg;DE
30008;Alpine Wood Import Export GmbH;Salzburg;AT
30009;Baltic Packaging SIA;Riga;LV
30010;Rossi Consulenza S.r.l.;Milan;IT
30011;Sunfield Solar Systems Ltd;Galway;IE
30012;Technopromexport Ltd;Vienna;AT
30013;Petrović Metalworks d.o.o.;Zagreb;HR
30014;Moreau Removals SARL;Lyon;FR
30015;Lange Print OHG;Erfurt;DE
30016;Atlantic Seafood Trading Ltd;Cork;IE
