Číslo odberateľa;Obchodné meno;Mesto;Krajina
20001;Horváth Stavby s.r.o.;Nitra;SK
20002;Považská Logistika a.s.;Žilina;SK
20003;Pekáreň Tatra s.r.o.;Poprad;SK
20004;Kováč Kovovýroba s.r.o.;Banská Bystrica;SK
20005;Varga Transport s.r.o.;Dunajská Streda;SK
20006;Elektro Balog s.r.o.;Košice;SK
20007;"Hanseatic Trade Trust & Shipping s.r.o.";Bratislava;SK
20008;Záhorie Drevo Import Export s.r.o.;Senica;SK
20009;Obalová technika Západ s.r.o.;Trnava;SK
20010;Ing. Mária Kučerová, účtovníctvo;Martin;SK
20011;Solárne systémy Dolné Považie s.r.o.;Trenčín;SK
20012;Technopromexport s.r.o.;Bratislava;SK
20013;Petrović Kovovýroba s.r.o.;Prešov;SK
20014;Nowak Sťahovanie;Prešov;SK
20015;Tlačiareň Lange s.r.o.;Nitra;SK
20016;Rybárstvo Orava s.r.o.;Tvrdošín;SK
